name,label
001/0010037.png,001
001/0010046.png,001
001/0010051.png,001
001/0010002.png,001
001/0010066.png,001
001/0010039.png,001
001/0010011.png,001
001/0010057.png,001
001/0010030.png,001
001/0010042.png,001
001/0010012.png,001
001/0010015.png,001
001/0010073.png,001
001/0010070.png,001
001/0010044.png,001
001/0010041.png,001
001/0010017.png,001
001/0010047.png,001
001/0010029.png,001
001/0010067.png,001
001/0010061.png,001
001/0010038.png,001
001/0010004.png,001
001/0010058.png,001
001/0010077.png,001
001/0010022.png,001
001/0010059.png,001
001/0010019.png,001
001/0010027.png,001
001/0010043.png,001
001/0010072.png,001
001/0010071.png,001
001/0010005.png,001
001/0010084.png,001
001/0010018.png,001
001/0010034.png,001
001/0010009.png,001
001/0010024.png,001
001/0010048.png,001
001/0010056.png,001
001/0010013.png,001
001/0010028.png,001
001/0010076.png,001
001/0010065.png,001
001/0010049.png,001
001/0010050.png,001
001/0010045.png,001
001/0010052.png,001
001/0010025.png,001
001/0010074.png,001
001/0010053.png,001
001/0010079.png,001
001/0010069.png,001
001/0010020.png,001
001/0010021.png,001
001/0010083.png,001
001/0010054.png,001
001/0010001.png,001
001/0010064.png,001
001/0010055.png,001
001/0010078.png,001
001/0010031.png,001
001/0010040.png,001
001/0010075.png,001
001/0010063.png,001
001/0010086.png,001
001/0010010.png,001
001/0010085.png,001
001/0010068.png,001
001/0010008.png,001
001/0010062.png,001
001/0010033.png,001
001/0010036.png,001
001/0010014.png,001
001/0010035.png,001
001/0010082.png,001
001/0010007.png,001
001/0010026.png,001
001/0010023.png,001
001/0010032.png,001
001/0010060.png,001
001/0010006.png,001
007/0070098.png,007
007/0070075.png,007
007/0070045.png,007
007/0070099.png,007
007/0070114.png,007
007/0070115.png,007
007/0070124.png,007
007/0070082.png,007
007/0070065.png,007
007/0070110.png,007
007/0070008.png,007
007/0070029.png,007
007/0070085.png,007
007/0070063.png,007
007/0070076.png,007
007/0070003.png,007
007/0070107.png,007
007/0070056.png,007
007/0070032.png,007
007/0070011.png,007
007/0070020.png,007
007/0070033.png,007
007/0070121.png,007
007/0070039.png,007
007/0070084.png,007
007/0070083.png,007
007/0070111.png,007
007/0070061.png,007
007/0070030.png,007
007/0070102.png,007
007/0070092.png,007
007/0070050.png,007
007/0070066.png,007
007/0070005.png,007
007/0070123.png,007
007/0070117.png,007
007/0070112.png,007
007/0070022.png,007
007/0070001.png,007
007/0070006.png,007
007/0070086.png,007
007/0070060.png,007
007/0070106.png,007
007/0070014.png,007
007/0070012.png,007
007/0070068.png,007
007/0070019.png,007
007/0070069.png,007
007/0070094.png,007
007/0070096.png,007
007/0070004.png,007
007/0070064.png,007
007/0070074.png,007
007/0070059.png,007
007/0070062.png,007
007/0070052.png,007
007/0070108.png,007
007/0070078.png,007
007/0070044.png,007
007/0070072.png,007
007/0070037.png,007
007/0070097.png,007
007/0070017.png,007
007/0070100.png,007
007/0070101.png,007
007/0070088.png,007
007/0070093.png,007
007/0070079.png,007
007/0070047.png,007
007/0070036.png,007
007/0070103.png,007
007/0070025.png,007
007/0070081.png,007
007/0070046.png,007
007/0070104.png,007
007/0070024.png,007
007/0070007.png,007
007/0070043.png,007
007/0070034.png,007
007/0070026.png,007
007/0070080.png,007
007/0070053.png,007
007/0070010.png,007
007/0070057.png,007
007/0070016.png,007
007/0070027.png,007
007/0070105.png,007
007/0070038.png,007
007/0070055.png,007
004/0040161.png,004
004/0040057.png,004
004/0040047.png,004
004/0040082.png,004
004/0040030.png,004
004/0040170.png,004
004/0040038.png,004
004/0040130.png,004
004/0040049.png,004
004/0040110.png,004
004/0040168.png,004
004/0040009.png,004
004/0040117.png,004
004/0040144.png,004
004/0040089.png,004
004/0040062.png,004
004/0040102.png,004
004/0040018.png,004
004/0040087.png,004
004/0040031.png,004
004/0040024.png,004
004/0040069.png,004
004/0040095.png,004
004/0040070.png,004
004/0040141.png,004
004/0040099.png,004
004/0040036.png,004
004/0040157.png,004
004/0040128.png,004
004/0040164.png,004
004/0040048.png,004
004/0040133.png,004
004/0040119.png,004
004/0040073.png,004
004/0040044.png,004
004/0040034.png,004
004/0040142.png,004
004/0040134.png,004
004/0040145.png,004
004/0040052.png,004
004/0040114.png,004
004/0040071.png,004
004/0040143.png,004
004/0040017.png,004
004/0040149.png,004
004/0040120.png,004
004/0040013.png,004
004/0040088.png,004
004/0040061.png,004
004/0040155.png,004
004/0040051.png,004
004/0040138.png,004
004/0040015.png,004
004/0040084.png,004
004/0040074.png,004
004/0040146.png,004
004/0040152.png,004
004/0040104.png,004
004/0040066.png,004
004/0040078.png,004
004/0040064.png,004
004/0040001.png,004
004/0040111.png,004
004/0040065.png,004
004/0040022.png,004
004/0040033.png,004
004/0040098.png,004
004/0040046.png,004
004/0040056.png,004
004/0040058.png,004
004/0040122.png,004
004/0040121.png,004
004/0040037.png,004
004/0040055.png,004
004/0040035.png,004
004/0040003.png,004
004/0040127.png,004
004/0040019.png,004
004/0040158.png,004
004/0040002.png,004
004/0040105.png,004
004/0040124.png,004
004/0040169.png,004
004/0040136.png,004
004/0040113.png,004
004/0040068.png,004
004/0040010.png,004
004/0040042.png,004
004/0040159.png,004
004/0040045.png,004
008/0080046.png,008
008/0080036.png,008
008/0080043.png,008
008/0080005.png,008
008/0080051.png,008
008/0080031.png,008
008/0080052.png,008
008/0080030.png,008
008/0080014.png,008
008/0080004.png,008
008/0080008.png,008
008/0080009.png,008
008/0080041.png,008
008/0080033.png,008
008/0080007.png,008
008/0080045.png,008
008/0080025.png,008
008/0080058.png,008
008/0080035.png,008
008/0080034.png,008
008/0080047.png,008
008/0080048.png,008
008/0080053.png,008
008/0080021.png,008
008/0080010.png,008
008/0080044.png,008
008/0080029.png,008
008/0080037.png,008
008/0080016.png,008
008/0080003.png,008
008/0080042.png,008
008/0080054.png,008
008/0080018.png,008
008/0080057.png,008
008/0080024.png,008
008/0080006.png,008
008/0080002.png,008
008/0080040.png,008
008/0080026.png,008
008/0080013.png,008
008/0080022.png,008
008/0080059.png,008
008/0080050.png,008
008/0080027.png,008
008/0080001.png,008
008/0080039.png,008
008/0080032.png,008
008/0080038.png,008
008/0080028.png,008
008/0080012.png,008
008/0080017.png,008
008/0080049.png,008
008/0080055.png,008
008/0080019.png,008
006/0060115.png,006
006/0060063.png,006
006/0060097.png,006
006/0060113.png,006
006/0060030.png,006
006/0060214.png,006
006/0060026.png,006
006/0060228.png,006
006/0060045.png,006
006/0060199.png,006
006/0060125.png,006
006/0060007.png,006
006/0060043.png,006
006/0060193.png,006
006/0060180.png,006
006/0060145.png,006
006/0060204.png,006
006/0060094.png,006
006/0060029.png,006
006/0060080.png,006
006/0060036.png,006
006/0060048.png,006
006/0060177.png,006
006/0060100.png,006
006/0060092.png,006
006/0060107.png,006
006/0060142.png,006
006/0060034.png,006
006/0060139.png,006
006/0060091.png,006
006/0060037.png,006
006/0060054.png,006
006/0060117.png,006
006/0060039.png,006
006/0060138.png,006
006/0060212.png,006
006/0060194.png,006
006/0060157.png,006
006/0060198.png,006
006/0060123.png,006
006/0060218.png,006
006/0060059.png,006
006/0060197.png,006
006/0060185.png,006
006/0060131.png,006
006/0060127.png,006
006/0060087.png,006
006/0060200.png,006
006/0060047.png,006
006/0060108.png,006
006/0060023.png,006
006/0060056.png,006
006/0060159.png,006
006/0060217.png,006
006/0060153.png,006
006/0060072.png,006
006/0060021.png,006
006/0060195.png,006
006/0060046.png,006
006/0060049.png,006
006/0060151.png,006
006/0060009.png,006
006/0060105.png,006
006/0060186.png,006
006/0060041.png,006
006/0060084.png,006
006/0060120.png,006
006/0060150.png,006
006/0060146.png,006
006/0060160.png,006
006/0060136.png,006
006/0060098.png,006
006/0060209.png,006
006/0060086.png,006
006/0060206.png,006
006/0060172.png,006
006/0060077.png,006
006/0060093.png,006
006/0060175.png,006
006/0060038.png,006
006/0060074.png,006
006/0060164.png,006
006/0060128.png,006
006/0060166.png,006
006/0060088.png,006
006/0060118.png,006
006/0060179.png,006
006/0060050.png,006
006/0060154.png,006
006/0060152.png,006
006/0060025.png,006
006/0060129.png,006
006/0060224.png,006
006/0060171.png,006
006/0060188.png,006
006/0060126.png,006
006/0060183.png,006
006/0060106.png,006
006/0060163.png,006
006/0060147.png,006
010/0100058.png,010
010/0100044.png,010
010/0100132.png,010
010/0100092.png,010
010/0100136.png,010
010/0100173.png,010
010/0100082.png,010
010/0100122.png,010
010/0100128.png,010
010/0100041.png,010
010/0100143.png,010
010/0100171.png,010
010/0100153.png,010
010/0100120.png,010
010/0100054.png,010
010/0100003.png,010
010/0100018.png,010
010/0100093.png,010
010/0100119.png,010
010/0100089.png,010
010/0100079.png,010
010/0100022.png,010
010/0100030.png,010
010/0100123.png,010
010/0100045.png,010
010/0100019.png,010
010/0100110.png,010
010/0100111.png,010
010/0100039.png,010
010/0100023.png,010
010/0100086.png,010
010/0100067.png,010
010/0100165.png,010
010/0100162.png,010
010/0100036.png,010
010/0100096.png,010
010/0100091.png,010
010/0100005.png,010
010/0100051.png,010
010/0100154.png,010
010/0100016.png,010
010/0100163.png,010
010/0100072.png,010
010/0100155.png,010
010/0100172.png,010
010/0100037.png,010
010/0100034.png,010
010/0100006.png,010
010/0100145.png,010
010/0100150.png,010
010/0100115.png,010
010/0100012.png,010
010/0100028.png,010
010/0100050.png,010
010/0100009.png,010
010/0100151.png,010
010/0100149.png,010
010/0100166.png,010
010/0100029.png,010
010/0100047.png,010
010/0100133.png,010
010/0100031.png,010
010/0100025.png,010
010/0100008.png,010
010/0100137.png,010
010/0100157.png,010
010/0100020.png,010
010/0100107.png,010
010/0100175.png,010
010/0100038.png,010
010/0100130.png,010
010/0100024.png,010
010/0100160.png,010
010/0100176.png,010
010/0100124.png,010
010/0100113.png,010
010/0100042.png,010
010/0100097.png,010
010/0100126.png,010
010/0100148.png,010
010/0100147.png,010
010/0100077.png,010
010/0100134.png,010
010/0100099.png,010
002/0020095.png,002
002/0020135.png,002
002/0020020.png,002
002/0020040.png,002
002/0020159.png,002
002/0020168.png,002
002/0020004.png,002
002/0020136.png,002
002/0020024.png,002
002/0020044.png,002
002/0020164.png,002
002/0020155.png,002
002/0020008.png,002
002/0020057.png,002
002/0020052.png,002
002/0020054.png,002
002/0020082.png,002
002/0020085.png,002
002/0020031.png,002
002/0020141.png,002
002/0020105.png,002
002/0020021.png,002
002/0020030.png,002
002/0020092.png,002
002/0020078.png,002
002/0020171.png,002
002/0020061.png,002
002/0020017.png,002
002/0020139.png,002
002/0020121.png,002
002/0020144.png,002
002/0020023.png,002
002/0020016.png,002
002/0020070.png,002
002/0020125.png,002
002/0020120.png,002
002/0020055.png,002
002/0020015.png,002
002/0020071.png,002
002/0020151.png,002
002/0020101.png,002
002/0020169.png,002
002/0020174.png,002
002/0020110.png,002
002/0020142.png,002
002/0020003.png,002
002/0020098.png,002
002/0020112.png,002
002/0020111.png,002
002/0020033.png,002
002/0020153.png,002
002/0020088.png,002
002/0020147.png,002
002/0020167.png,002
002/0020128.png,002
002/0020146.png,002
002/0020186.png,002
002/0020050.png,002
002/0020175.png,002
002/0020115.png,002
002/0020039.png,002
002/0020104.png,002
002/0020138.png,002
002/0020081.png,002
002/0020064.png,002
002/0020154.png,002
002/0020041.png,002
002/0020060.png,002
002/0020046.png,002
002/0020091.png,002
002/0020096.png,002
002/0020076.png,002
002/0020181.png,002
002/0020074.png,002
002/0020072.png,002
002/0020143.png,002
002/0020042.png,002
002/0020073.png,002
002/0020119.png,002
002/0020133.png,002
002/0020037.png,002
002/0020161.png,002
002/0020034.png,002
002/0020145.png,002
002/0020063.png,002
002/0020117.png,002
002/0020058.png,002
002/0020027.png,002
002/0020176.png,002
002/0020028.png,002
002/0020160.png,002
002/0020026.png,002
002/0020087.png,002
009/0090160.png,009
009/0090136.png,009
009/0090087.png,009
009/0090032.png,009
009/0090226.png,009
009/0090145.png,009
009/0090135.png,009
009/0090127.png,009
009/0090049.png,009
009/0090028.png,009
009/0090084.png,009
009/0090006.png,009
009/0090134.png,009
009/0090223.png,009
009/0090086.png,009
009/0090041.png,009
009/0090027.png,009
009/0090117.png,009
009/0090110.png,009
009/0090078.png,009
009/0090123.png,009
009/0090122.png,009
009/0090152.png,009
009/0090177.png,009
009/0090125.png,009
009/0090069.png,009
009/0090221.png,009
009/0090022.png,009
009/0090188.png,009
009/0090014.png,009
009/0090144.png,009
009/0090010.png,009
009/0090115.png,009
009/0090215.png,009
009/0090054.png,009
009/0090114.png,009
009/0090143.png,009
009/0090099.png,009
009/0090175.png,009
009/0090118.png,009
009/0090001.png,009
009/0090039.png,009
009/0090203.png,009
009/0090107.png,009
009/0090165.png,009
009/0090100.png,009
009/0090178.png,009
009/0090067.png,009
009/0090219.png,009
009/0090088.png,009
009/0090103.png,009
009/0090065.png,009
009/0090119.png,009
009/0090146.png,009
009/0090204.png,009
009/0090147.png,009
009/0090013.png,009
009/0090180.png,009
009/0090098.png,009
009/0090024.png,009
009/0090076.png,009
009/0090097.png,009
009/0090109.png,009
009/0090011.png,009
009/0090116.png,009
009/0090184.png,009
009/0090132.png,009
009/0090156.png,009
009/0090176.png,009
009/0090126.png,009
009/0090130.png,009
009/0090129.png,009
009/0090038.png,009
009/0090044.png,009
009/0090062.png,009
009/0090191.png,009
009/0090225.png,009
009/0090092.png,009
009/0090061.png,009
009/0090201.png,009
009/0090096.png,009
009/0090033.png,009
009/0090140.png,009
009/0090162.png,009
009/0090182.png,009
009/0090157.png,009
009/0090060.png,009
009/0090105.png,009
009/0090212.png,009
009/0090053.png,009
005/0050064.png,005
005/0050070.png,005
005/0050045.png,005
005/0050007.png,005
005/0050040.png,005
005/0050001.png,005
005/0050003.png,005
005/0050010.png,005
005/0050057.png,005
005/0050021.png,005
005/0050091.png,005
005/0050037.png,005
005/0050022.png,005
005/0050032.png,005
005/0050058.png,005
005/0050023.png,005
005/0050067.png,005
005/0050029.png,005
005/0050059.png,005
005/0050084.png,005
005/0050055.png,005
005/0050068.png,005
005/0050034.png,005
005/0050072.png,005
005/0050066.png,005
005/0050073.png,005
005/0050062.png,005
005/0050044.png,005
005/0050056.png,005
005/0050078.png,005
005/0050009.png,005
005/0050042.png,005
005/0050076.png,005
005/0050047.png,005
005/0050082.png,005
005/0050018.png,005
005/0050030.png,005
005/0050051.png,005
005/0050088.png,005
005/0050013.png,005
005/0050020.png,005
005/0050079.png,005
005/0050063.png,005
005/0050025.png,005
005/0050074.png,005
005/0050002.png,005
005/0050077.png,005
005/0050041.png,005
005/0050043.png,005
005/0050061.png,005
005/0050039.png,005
005/0050085.png,005
005/0050024.png,005
005/0050015.png,005
005/0050065.png,005
005/0050026.png,005
005/0050019.png,005
005/0050090.png,005
005/0050080.png,005
005/0050036.png,005
005/0050027.png,005
005/0050087.png,005
005/0050086.png,005
005/0050006.png,005
005/0050046.png,005
005/0050083.png,005
005/0050004.png,005
005/0050011.png,005
005/0050028.png,005
005/0050049.png,005
005/0050054.png,005
005/0050052.png,005
005/0050014.png,005
005/0050048.png,005
005/0050089.png,005
005/0050050.png,005
005/0050005.png,005
005/0050038.png,005
005/0050069.png,005
005/0050008.png,005
005/0050071.png,005
005/0050012.png,005
005/0050016.png,005
005/0050060.png,005
005/0050075.png,005
005/0050081.png,005
005/0050035.png,005
005/0050031.png,005
003/0030051.png,003
003/0030039.png,003
003/0030020.png,003
003/0030024.png,003
003/0030002.png,003
003/0030044.png,003
003/0030043.png,003
003/0030038.png,003
003/0030014.png,003
003/0030025.png,003
003/0030028.png,003
003/0030035.png,003
003/0030011.png,003
003/0030060.png,003
003/0030013.png,003
003/0030012.png,003
003/0030018.png,003
003/0030042.png,003
003/0030040.png,003
003/0030022.png,003
003/0030052.png,003
003/0030021.png,003
003/0030029.png,003
003/0030009.png,003
003/0030062.png,003
003/0030023.png,003
003/0030034.png,003
003/0030054.png,003
003/0030053.png,003
003/0030003.png,003
003/0030041.png,003
003/0030006.png,003
003/0030007.png,003
003/0030017.png,003
003/0030061.png,003
003/0030048.png,003
003/0030056.png,003
003/0030055.png,003
003/0030001.png,003
003/0030015.png,003
003/0030027.png,003
003/0030050.png,003
003/0030008.png,003
003/0030058.png,003
003/0030033.png,003
003/0030032.png,003
003/0030037.png,003
003/0030004.png,003
003/0030031.png,003
003/0030026.png,003
003/0030047.png,003
003/0030036.png,003
003/0030046.png,003
003/0030049.png,003
003/0030057.png,003
003/0030030.png,003
003/0030045.png,003
003/0030059.png,003
003/0030005.png,003
003/0030010.png,003
003/0030016.png,003
